Episode,EV_0,EV_1,EV_2,EV_3,EV_4,EV_5,EV_6,EV_7,EV_8,EV_9,EV_10,EV_11,EV_12,EV_13,EV_14,EV_15,EV_16,EV_17,EV_18,EV_19,EV_20,EV_21,EV_22,EV_23,EV_24,EV_25,EV_26,EV_27,EV_28,EV_29,EV_30,EV_31,EV_32,EV_33,EV_34,EV_35,EV_36,EV_37,EV_38,EV_39,EV_40,EV_41,EV_42,EV_43,EV_44,EV_45,EV_46,EV_47,EV_48,EV_49
4.38
5.32
-14.176470588235293
6.46
7.4399999999999995
8.34
-11.862745098039216
8.74
9.72
-9.607843137254903
51.72
52.98
-77.89473684210526
-98.0
-55.872727272727275
-91.01754385964912
-114.63793103448276
-85.64285714285714
2.7254901960784323
2.098039215686274
2.7254901960784323
23.32
-15.46153846153846
61.48
66.34
-19.24074074074074
-157.26984126984127
-89.89655172413794
-25.944444444444443
-97.46551724137932
-73.53571428571429
34.86
15.372549019607842
-4.46153846153846
72.42
70.2
-22.854545454545452
-58.49122807017544
-61.70175438596492
-48.35714285714286
-88.9655172413793
-43.236363636363635
24.294117647058822
26.862745098039216
8.21153846153846
8.46153846153846
48.24
49.52
50.76
30.392156862745097
86.46000000000001
92.56
-38.54385964912281
-40.631578947368425
-62.96551724137932
-36.57142857142857
-71.12068965517241
28.01923076923077
8.245283018867923
24.21153846153846
42.549019607843135
42.98039215686275
43.3921568627451
102.38
102.2
1.490909090909085
-83.19999999999999
-36.50877192982456
-55.37931034482759
25.39622641509434
63.490196078431374
23.264150943396224
20.962264150943398
79.1
19.433962264150942
77.08
78.0
78.98
79.96
80.94
81.92
82.9
83.88
84.86
65.3921568627451
126.64
105.82352941176471
-66.55737704918033
7.107142857142861
-26.310344827586206
-18.15789473684211
47.9622641509434
64.53846153846155
45.056603773584904
62.44230769230769
60.05769230769231
75.43137254901961
138.9
137.06
57.333333333333336
41.90909090909091
-45.883333333333326
-48.349999999999994
25.509090909090915
3.589285714285708
91.70588235294117
112.34
72.42307692307692
90.54901960784314
71.53846153846155
147.62
151.18
71.96296296296296
-68.25396825396825
15.859649122807014
11.807017543859644
77.0377358490566
94.1923076923077
74.26415094339623
72.0566037735849
89.32692307692308
107.45098039215686
85.98076923076923
125.66
126.82
127.98
129.0
108.3921568627451
165.5
143.88235294117646
52.94642857142857
-13.833333333333343
39.78571428571429
-7.169491525423723
66.48148148148148
123.80392156862746
124.50980392156863
124.80392156862746
124.2156862745098
124.54901960784314
85.86792452830188
143.54
144.62
145.62
146.62
126.3921568627451
188.98
187.94
126.05660377358491
91.14545454545456
-48.0
95.2962962962963
25.241379310344826
20.879310344827587
120.0576923076923
138.4313725490196
159.0
139.05882352941177
139.39215686274508
198.04
196.52
104.07272727272726
60.87719298245614
58.07017543859649
69.875
68.33928571428571
99.4074074074074
80.05454545454545
130.53846153846155
208.82
208.88
65.10344827586206
75.91228070175438
142.9056603773585
25.53333333333333
81.08928571428571
110.46296296296296
145.96153846153845
125.88679245283018
162.09803921568627
182.7
183.88
185.06
186.24
167.15686274509804
166.39215686274508
221.26
204.7450980392157
144.7962962962963
44.71666666666667
139.22222222222223
9.903225806451616
129.75925925925927
109.05454545454545
160.23076923076923
159.6346153846154
158.53846153846155
238.06
238.54
142.07272727272726
44.63934426229508
101.56140350877193
50.76666666666668
58.62711864406779
172.96153846153845
192.13725490196077
152.62264150943395
210.44
211.52
212.5
213.48
214.46
215.44
194.90196078431373
215.5
216.48
217.46
218.44
219.42
220.4
221.38
202.39215686274508
258.34000000000003
261.88
134.03508771929825
80.83333333333334
137.75
153.92727272727274
99.93103448275863
200.21153846153845
198.28846153846155
195.94230769230768
195.8653846153846
235.36
236.34
237.32
238.3
239.28
240.26
241.24
242.22
243.2
244.18
245.16
246.14
247.12
248.1
249.08
250.06
251.04
252.02
253.0
253.98
254.96
255.94
256.92
257.9
258.88
259.86
260.84
261.82
262.8
263.78
264.76
265.74
266.72
267.7
268.68
249.39215686274508
304.78
288.96078431372547
247.26415094339623
160.6206896551724
154.31034482758622
151.22413793103448
196.0909090909091
176.66071428571428
244.98076923076923
205.55555555555554
280.66
281.64
282.62
283.6
264.3921568627451
326.58
327.86
163.71186440677968
228.1818181818182
207.71428571428572
123.95081967213116
229.88888888888889
244.56603773584905
261.8076923076923
205.6909090909091
276.5882352941176
277.03921568627453
297.64
278.3921568627451
337.38
334.15999999999997
240.58181818181816
130.06451612903226
198.140350877193
162.10169491525423
276.96153846153845
238.61111111111111
273.6730769230769
272.6730769230769
290.94117647058823
311.52
312.46
292.96078431372547
313.56
294.3921568627451
352.1
355.65999999999997
279.5740740740741
162.50819672131146
168.56666666666666
176.9322033898305
253.35185185185185
289.38461538461536
289.03846153846155
288.8076923076923
328.36
307.70588235294116
328.3
329.26
290.53846153846155
367.92
352.19607843137254
276.5090909090909
207.81355932203388
248.39285714285714
229.71929824561403
224.49122807017545
270.3888888888889
346.02
325.921568627451
326.4901960784314
327.3529411764706
308.15384615384613
327.078431372549
307.15384615384613
325.3921568627451
384.06
387.28
241.3793103448276
269.8392857142857
216.54237288135593
208.84745762711864
306.1320754716981
304.92452830188677
322.53846153846155
341.3333333333333
361.98
341.6078431372549
362.22
342.94117647058823
363.58
364.54
345.078431372549
365.72
345.98039215686276
366.62
346.3921568627451
406.56
409.0
262.7758620689655
271.3859649122807
284.05357142857144
266.7719298245614
262.280701754386
347.5576923076923
307.27777777777777
382.78
362.4313725490196
342.6730769230769
341.7692307692308
360.3921568627451
420.96
424.0
325.23636363636365
321.8545454545455
218.2622950819672
216.1639344262295
270.6666666666667
354.2692307692308
353.1923076923077
392.82
373.45098039215685
372.96078431372547
393.56
394.54
395.52
396.5
397.48
398.46
379.3921568627451
431.58
418.1764705882353
341.1272727272727
290.3965517241379
320.44642857142856
282.37931034482756
245.95
415.98
397.4117647058824
418.56
358.2641509433962
394.47058823529414
415.06
375.3076923076923
414.78
415.76
416.74
417.72
418.7
419.68
420.66
421.64
422.62
423.54
404.3921568627451
462.22
466.4
344.8392857142857
316.1379310344828
360.1090909090909
235.11111111111111
329.55357142857144
343.45454545454544
435.56
436.52
437.48
397.53846153846155
477.12
476.12
343.3157894736842
408.811320754717
340.89473684210526
336.0
314.4310344827586
326.2456140350877
373.01851851851853
428.1764705882353
448.78
449.82
429.3921568627451
489.48
484.4
355.2456140350877
405.5740740740741
319.91525423728814
285.70491803278685
374.9818181818182
354.2321428571429
422.88461538461536
441.45098039215685
441.4901960784314
462.1
463.08
464.06
465.04
466.02
446.3921568627451
502.78
508.34000000000003
341.3898305084746
407.0181818181818
370.35087719298247
349.01724137931035
343.7413793103448
443.5576923076923
441.25
480.8
481.7
443.25
482.82
463.29411764705884
483.96
463.70588235294116
484.34
485.34
486.34
487.34
488.34
489.34
490.34
491.34
492.34
493.34
494.34
495.34
496.34
497.34
498.34
499.34
500.34
501.34
502.34
503.34
504.34
505.34
485.3921568627451
546.04
523.156862745098
461.3703703703704
395.7931034482759
389.17241379310343
356.1166666666667
413.8928571428571
481.86538461538464
480.3269230769231
460.3207547169811
497.94117647058823
518.68
519.64
520.6
521.56
501.3921568627451
557.38
562.86
432.5438596491228
447.17857142857144
365.24590163934425
472.55555555555554
401.82758620689657
521.9215686274509
463.03703703703707
497.7692307692308
516.7254901960785
517.1372549019608
517.5686274509804
538.22
517.8039215686274
538.42
518.3921568627451
574.76
574.86
429.9655172413793
496.44444444444446
409.0508474576271
452.25
385.43333333333334
554.54
475.8148148148148
531.1372549019608
530.9803921568628
530.3921568627451
582.54
568.0
510.1111111111111
424.91525423728814
388.27868852459017
461.2142857142857
492.03703703703707
524.6346153846154
526.6730769230769
524.7115384615385
524.4615384615385
542.7254901960785
563.32
564.3
565.28
566.26
547.3921568627451
606.34
590.4509803921569
571.2692307692307
429.68333333333334
490.75
470.82456140350877
575.9607843137255
499.5090909090909
446.3103448275862
586.34
546.1153846153846
561.1176470588235
562.3725490196078
562.9215686274509
562.843137254902
563.3921568627451
624.28
625.48
524.3090909090909
445.08333333333337
515.8909090909091
517.5090909090909
497.0178571428571
546.433962264151
473.56140350877195
576.7058823529412
597.52
598.54
599.56
580.1960784313726
580.5098039215686
601.24
602.32
603.38
604.36
605.34
606.32
607.3
608.28
609.26
610.24
591.2941176470588
611.94
591.3921568627451
652.76
653.6
507.2241379310345
548.1454545454545
452.9016393442623
505.17543859649123
502.8771929824561
514.7678571428571
582.75
622.26
623.26
624.26
625.26
626.26
627.26
628.26
629.26
630.26
631.26
632.26
633.26
634.26
635.26
636.26
637.26
638.26
639.26
640.26
641.26
642.26
643.26
644.26
645.26
646.26
647.24
648.22
649.22
650.22
651.22
652.22
653.22
654.22
655.22
656.22
657.22
658.22
659.22
660.22
661.22
662.22
663.22
664.22
665.22
666.22
667.22
668.22
669.22
670.22
671.22
672.2
673.18
674.16
675.16
676.16
677.16
678.16
679.16
680.16
681.16
682.16
683.16
684.16
685.22
686.28
666.3921568627451
725.18
708.2549019607843
615.75
547.9666666666667
560.7118644067797
618.8727272727273
577.578947368421
645.6415094339623
661.2884615384615
679.7058823529412
659.5192307692307
699.0
699.98
700.96
701.94
702.92
703.9
704.88
705.86
706.84
707.82
708.8
709.78
690.3921568627451
752.18
732.2745098039215
572.5166666666667
632.25
647.4363636363637
628.1607142857143
697.4423076923077
623.125
654.5185185185185
689.5961538461538
708.5098039215686
687.1923076923077
705.1764705882352
725.78
726.74
727.7
728.66
729.62
710.2156862745098
730.8
692.5384615384615
772.54
773.72
624.5344827586207
712.0
639.1228070175439
555.741935483871
658.2181818181818
672.3148148148148
688.566037735849
725.5490196078431
746.22
747.18
748.12
749.06
750.0
750.92
711.0
750.48
731.4705882352941
752.08
753.06
754.04
755.02
755.98
756.94
757.92
758.9
759.88
760.86
741.5882352941177
762.18
763.16
764.14
765.12
766.1
767.08
748.3921568627451
809.42
786.2549019607843
746.9433962264151
627.2833333333333
541.969696969697
710.8703703703703
638.2931034482758
758.686274509804
739.0
778.46
779.44
780.42
781.4
782.38
783.36
784.34
765.3921568627451
829.2
808.5294117647059
790.8076923076923
650.6666666666666
615.6451612903226
700.4642857142857
663.9827586206897
744.8679245283018
782.8039215686274
742.188679245283
799.96
800.9
741.3962264150944
831.14
816.5882352941177
740.6727272727272
629.016129032258
751.0740740740741
712.9642857142857
760.7358490566038
707.0535714285714
756.2452830188679
774.5961538461538
792.843137254902
772.6538461538462
812.14
813.12
814.38
815.64
816.9
796.3921568627451
857.78
857.02
759.5636363636363
705.0172413793103
658.4098360655737
680.7796610169491
777.7358490566038
738.6181818181818
770.8679245283018
828.52
829.68
809.7647058823529
810.3529411764706
830.94
831.9
832.86
833.82
834.74
835.66
816.7254901960785
837.32
838.3
839.28
840.26
821.3921568627451
879.84
862.2745098039215
823.5471698113207
767.6607142857143
730.948275862069
796.0925925925926
710.7118644067797
787.5925925925926
802.4150943396227
820.1730769230769
781.2407407407408
856.52
836.5490196078431
836.0196078431372
856.62
837.3921568627451
894.94
896.68
857.3461538461538
719.6
729.9322033898305
787.1272727272727
785.0363636363636
781.4363636363637
795.5925925925926
848.0784313725491
850.156862745098
870.86
871.86
872.86
852.3921568627451
913.84
910.94
815.6181818181818
735.2333333333333
744.5084745762712
822.9259259259259
769.0350877192982
816.9444444444445
872.9215686274509
872.3921568627451
831.3962264150944
867.9019607843137
867.7647058823529
867.9607843137255
888.6
889.6
869.3921568627451
923.9
932.48
894.6153846153846
804.421052631579
784.1551724137931
811.2857142857143
807.0714285714286
837.3333333333334
815.3636363636364
867.3846153846154
886.7843137254902
866.5961538461538
906.16
867.0
906.54
887.3333333333334
886.3921568627451
949.68
948.64
911.2115384615385
787.2542372881356
798.6034482758621
748.983606557377
785.0
865.3962264150944
881.6346153846154
900.3529411764706
880.7692307692307
920.34
921.36
902.2352941176471
902.2549019607843
902.3921568627451
961.24
966.3
836.2456140350878
833.3333333333334
846.2142857142857
916.0192307692307
792.1525423728814
868.7037037037037
884.2075471698113
901.2307692307693
882.0
898.4807692307693
937.98
918.9215686274509
919.5686274509804
918.7058823529412
939.3
940.28
921.3921568627451
977.26
982.4
916.6981132075472
881.4181818181818
934.7884615384615
844.9473684210526
894.4444444444445
875.3272727272728
929.3269230769231
890.4074074074074
903.1509433962265
942.5294117647059
942.2745098039215
903.2452830188679
961.1
940.7843137254902
961.42
962.38
963.34
942.8823529411765
963.5
964.48
965.46
966.44
967.42
968.4
969.38
970.48
971.46
972.44
973.42
953.3921568627451
1016.38
1018.42
960.5849056603773
956.6037735849056
793.6031746031746
815.1147540983607
921.5370370370371
936.7169811320755
915.3888888888889
895.6727272727272
946.1346153846154
985.62
986.62
987.62
968.3921568627451
1027.74
1028.12
853.3
964.3396226415094
861.3559322033898
871.448275862069
912.7454545454545
947.0377358490566
964.9423076923077
945.377358490566
981.7647058823529
981.7647058823529
1002.38
1003.36
983.3921568627451
1039.28
1040.32
980.9433962264151
888.6034482758621
830.9032258064516
900.2105263157895
947.9814814814815
980.5
981.5576923076923
980.3653846153846
998.7843137254902
979.3076923076923
1018.84
999.7254901960785
998.8627450980392
999.3921568627451
1058.84
1041.862745098039
1003.3962264150944
916.4827586206897
946.7142857142857
921.438596491228
936.0892857142857
1004.2307692307693
1024.4117647058824
929.6785714285714
1017.2352941176471
1016.4705882352941
995.6923076923077
1015.0980392156863
1015.4901960784314
1036.08
1037.04
1038.0
1038.96
1019.8823529411765
1040.5
1041.5
1042.42
1043.4
1044.38
1025.3921568627452
1086.04
1045.4038461538462
970.9642857142857
948.0526315789474
961.5714285714286
943.3684210526316
968.6545454545454
1063.1
1003.7358490566038
1041.4313725490197
1040.9019607843138
1041.5098039215686
1041.8431372549019
1062.52
1043.549019607843
1064.24
1045.1960784313726
1065.9
1046.764705882353
1045.7843137254902
1066.38
1067.36
1068.34
1069.32
1070.3
1071.28
1072.26
1073.24
1074.22
1075.2
1076.18
1077.16
1058.3921568627452
1119.12
1098.3725490196077
1002.2142857142857
909.8709677419355
976.6140350877193
1007.7454545454545
1064.5
1007.6
1058.5192307692307
1036.4150943396226
1094.5
1095.54
1096.5
1097.46
1098.42
1099.38
1100.34
1101.3
1102.26
1103.66
1083.2156862745098
1062.5
1101.98
1102.96
1103.94
1104.92
1105.9
1106.88
1087.3921568627452
1146.54
1152.12
1071.7037037037037
982.7627118644068
1028.5714285714287
1041.8727272727274
1005.0
1090.1153846153845
1050.537037037037
1085.7115384615386
1125.72
1084.6153846153845
1124.24
1084.4038461538462
1123.88
1124.82
1125.76
1126.7
1127.64
1108.4901960784314
1129.08
1130.04
1110.5882352941176
1131.18
1132.16
1133.14
1134.12
1135.1
1136.08
1137.06
1138.04
1139.02
1120.3921568627452
1181.06
1180.06
1124.8301886792453
974.6129032258065
1027.655172413793
1071.7272727272727
1051.0714285714287
1100.4528301886792
1118.5
1138.1764705882354
1158.96
1139.2549019607843
1139.862745098039
1160.56
1141.4901960784314
1140.686274509804
1161.38
1120.9038461538462
1160.38
1161.34
1162.3
1163.26
1164.22
1165.18
1166.14
1167.1
1168.06
1169.02
1169.98
1150.7058823529412
1171.3
1172.28
1173.26
1174.24
1175.22
1176.2
1177.18
1178.16
1179.14
1180.12
1181.1
1182.08
1183.06
1184.04
1185.02
1176.1960784313726
1222.58
1224.78
1112.232142857143
1073.2931034482758
1086.9122807017543
1151.377358490566
1134.9814814814815
1131.7777777777778
1129.611111111111
1184.0392156862745
1205.04
1185.921568627451
1166.1923076923076
1164.326923076923
1164.25
1203.74
1204.7
1205.66
1206.62
1207.58
1208.54
1209.5
1210.46
1211.42
1212.38
1213.34
1214.3
1215.26
1216.22
1197.450980392157
1218.06
1219.04
1220.02
1221.0
1221.98
1222.96
1223.94
1224.92
1206.1764705882354
1226.8
1227.8
1228.8
1229.8
1230.8
1231.8
1232.8
1233.8
1234.8
1235.8
1236.8
1237.8
1238.8
1239.8
1240.8
1241.8
1242.8
1243.8
1244.8
1245.8
1246.8
1247.8
1248.8
1249.8
1250.8
1251.8
1252.8
1253.8
1254.8
1255.8
1256.8
1257.8
1258.8
1259.8
1260.8
1261.8
1262.8
1263.8
1264.8
1265.8
1266.8
1267.8
1268.8
1269.8
1270.8
1271.8
1272.8
1273.8
1274.8
1275.8
1276.8
1277.8
1278.8
1279.8
1280.8
1281.8
1282.8
1283.8
1284.8
1285.8
1286.8
1287.8
1288.8
1289.8
1290.8
1291.8
1292.8
1293.8
1294.8
1295.8
1296.8
1297.8
1298.8
1299.8
1300.8
1301.8
1302.8
1303.8
1304.8
1305.8
1306.8
1307.8
1308.8
1309.8
1310.8
1311.8
1312.8
1313.8
1314.8
1315.8
1316.8
1317.8
1318.8
1319.8
1320.8
1321.8
1322.8
1323.8
1324.8
1325.8
1326.8
1327.8
1328.8
1329.8
1330.8
1331.8
1332.8
1333.8
1334.8
1335.8
1336.8
1337.8
1338.8
1339.8
1340.8
1341.8
1342.8
1343.8
1344.8
1345.8
1346.8
1347.8
1348.8
1349.8
1350.8
1351.8
1352.8
1353.8
1354.8
1355.8
1356.8
1357.8
1358.8
1359.8
1360.8
1361.8
1362.8
1363.8
1364.8
1365.8
1366.8
1367.8
1368.8
1369.8
1370.8
1371.8
1372.8
1373.8
1374.8
1375.8
1376.8
1377.8
1378.8
1379.8
1380.8
1381.8
1382.8
1383.8
1384.8
1385.8
1386.8
1387.8
1388.8
1389.8
1390.8
1391.8
1392.8
1393.8
1394.8
1395.8
1396.8
1397.8
1398.8
1399.8
1400.8
1401.8
1402.8
1403.8
1404.8
1405.8
1406.8
1407.8
1408.8
1409.8
1410.8
1411.8
1412.8
1413.8
1414.8
1415.8
1416.8
1417.8
1418.8
1419.8
1420.8
1421.8
1422.8
1423.8
1424.8
1425.8
1426.8
1427.8
1428.8
1429.8
1430.8
1431.8
1432.8
1433.8
1434.8
1435.8
1436.8
1438.12
1439.12
1440.12
1441.12
1442.12
1443.12
1444.12
1445.12
1446.12
1447.12
1448.12
1449.12
1450.12
1451.12
1452.12
1453.12
1454.12
1455.12
1456.12
1457.12
1458.12
1459.06
1460.06
1461.06
1462.06
1463.06
1464.06
1465.06
1466.06
1467.06
1468.06
1469.06
1470.06
1471.06
1472.06
1473.06
1474.06
1475.06
1476.06
1477.06
1478.06
1479.06
1480.06
1481.06
1482.06
1483.06
1484.06
1485.06
1486.06
1487.06
1488.06
1489.06
1490.06
1491.06
1492.06
1493.06
1494.06
1495.06
1496.06
1497.06
1498.06
1499.06
1500.06
1501.06
1502.06
1503.06
1504.06
1505.06
1506.06
1507.06
1508.06
1509.06
1510.06
1511.06
1512.06
1513.06
1514.06
1515.06
1516.06
1517.06
1518.06
1519.06
1520.06
1521.06
1522.06
1523.06
1524.06
1525.06
1526.06
1527.06
1528.06
1529.06
1530.06
1531.06
1532.06
1533.06
1534.06
1535.06
1536.06
1537.06
1538.06
1539.06
1540.06
1541.06
1542.06
1543.06
1544.06
1545.06
1546.06
1547.06
1548.06
1549.06
1550.06
1551.06
1552.06
1553.06
1554.06
1555.06
1556.06
1557.06
1558.06
1559.06
1560.06
1561.06
1562.06
1563.06
1564.06
1565.06
1566.06
1567.06
1568.06
1569.06
1570.06
1571.06
1572.06
1573.06
1574.06
1575.06
1576.06
1577.06
1578.06
1579.06
1580.06
1581.06
1582.06
1583.06
1584.06
1585.06
1586.06
1587.06
1588.06
1589.06
1590.06
1591.06
1592.06
1593.06
1594.06
1595.06
1596.06
1597.06
1598.06
1599.06
1600.06
1601.06
1602.06
1603.06
1604.06
1605.06
1606.06
1607.06
1608.06
1609.06
1610.06
1611.06
1612.06
1613.06
1614.06
1615.06
1616.06
1617.06
1618.06
1619.06
1620.06
1621.06
1622.06
1623.06
1624.06
1625.06
1626.06
1627.06
1628.06
1629.06
1630.06
1631.06
1632.06
1633.06
1634.06
1635.06
1636.06
1616.3921568627452
1678.56
1680.26
1562.8035714285713
1545.1929824561403
1541.6315789473683
1552.017857142857
1516.0689655172414
1597.2830188679245
1596.2075471698113
1633.549019607843
1654.1
1614.1923076923076
1653.74
1633.9803921568628
1654.58
1655.5
1656.42
1636.9803921568628
1657.58
1658.52
1659.46
1660.4
1641.3921568627452
1662.0
1662.96
1663.92
1664.88
1665.84
1666.8
1667.76
1668.72
1669.68
1670.64
1671.6
1651.764705882353
1672.36
1673.34
1674.32
1675.3
1676.28
1657.3921568627452
1716.72
1719.72
1569.4655172413793
1492.3174603174602
1559.1896551724137
1601.3454545454545
1617.1851851851852
1652.3653846153845
1692.08
1652.0961538461538
1671.450980392157
1692.06
1693.0
1693.94
1694.88
1675.3921568627452
1696.0
1696.96
1697.92
1698.98
1700.04
1701.1
1702.16
1703.22
1682.9803921568628
1703.58
1704.56
1705.54
1706.52
1707.5
1708.48
1709.46
1710.44
1711.42
1712.4
1713.38
1714.36
1715.34
1696.3921568627452
1753.62
1734.862745098039
1676.3703703703704
1601.5344827586207
1586.322033898305
1581.2711864406779
1696.7115384615386
1588.0172413793102
1708.4901960784314
1689.1153846153845
1708.0392156862745
1728.64
1729.62
1730.6
1731.58
1732.56
1733.54
1714.3921568627452
1773.3
1775.3
1645.3333333333333
1642.140350877193
1560.0806451612902
1612.7241379310344
1673.3703703703704
1672.7592592592594
1748.18
1749.12
1709.5192307692307
1728.0588235294117
1748.74
1749.78
1750.82
1751.86
1752.9
1753.94
1733.921568627451
1754.54
1755.54
1756.54
1757.54
1758.54
1759.54
1760.54
1761.54
1762.54
1763.54
1764.54
1765.54
1766.54
1767.54
1768.54
1769.54
1770.54
1771.54
1772.54
1773.54
1774.54
1775.54
1776.54
1777.52
1758.3921568627452
1820.36
1800.7450980392157
1724.8545454545454
1657.4915254237287
1665.103448275862
1673.6842105263158
1670.9298245614036
1735.867924528302
1754.1153846153845
1793.74
1774.1960784313726
1773.450980392157
1753.4423076923076
1792.92
1773.3921568627452
1836.32
1817.4705882352941
1792.923076923077
1658.1666666666667
1733.9272727272728
1713.5357142857142
1676.6896551724137
1776.5
1737.4259259259259
1772.5192307692307
1792.2156862745098
1770.7115384615386
1751.8301886792453
1809.54
1810.5
1790.9019607843138
1811.52
1812.5
1813.48
1814.46
1815.44
1816.42
1817.4
1818.38
1819.36
1820.34
1821.32
1822.3
1823.28
1824.26
1804.3921568627452
1865.96
1846.3921568627452
1800.377358490566
1637.111111111111
1739.1964285714287
1702.655172413793
1784.754716981132
1783.245283018868
1821.078431372549
1746.8181818181818
1797.5192307692307
1837.0
1837.98
1838.96
1839.94
1840.92
1841.9
1842.88
1823.3921568627452
1883.84
1885.62
1769.9642857142858
1802.2407407407406
1687.4098360655737
1726.8275862068965
1790.3703703703704
1770.2727272727273
1822.6153846153845
1820.3076923076924
1838.8039215686274
1839.2156862745098
1859.9
1840.3725490196077
1861.08
1862.12
1863.16
1864.16
1865.12
1845.8235294117646
1866.46
1867.44
1868.42
1869.4
1870.38
1871.36
1872.34
1873.32
1874.3
1875.28
1856.1176470588234
1876.76
1877.76
1878.76
1858.3921568627452
1908.68
1898.7058823529412
1859.0566037735848
1877.173076923077
1784.2105263157896
1799.9464285714287
1744.3898305084745
1804.290909090909
1801.3090909090909
1852.5
1871.5294117647059
1852.3461538461538
1891.82
1892.8
1893.78
1894.76
1895.74
1896.72
1897.7
1898.68
1899.66
1900.64
1901.62
1882.3921568627452
1942.8
1923.2156862745098
1829.7857142857142
1827.9285714285713
1743.7540983606557
1785.6896551724137
1814.2142857142858
1902.313725490196
1881.423076923077
1900.5098039215686
1899.8039215686274
1920.48
1843.3518518518517
1918.64
1919.66
1899.5098039215686
1920.12
1921.1
1922.06
1902.3921568627452
1963.72
1961.8
1864.290909090909
1739.142857142857
1759.9508196721313
1849.0727272727272
1845.6
1938.44
1939.48
1920.1764705882354
1940.92
1920.1764705882354
1940.88
1920.5686274509803
1941.24
1922.1764705882354
1942.86
1923.5882352941176
1923.078431372549
1904.2692307692307
1943.76
1944.76
1945.76
1946.76
1947.76
1948.76
1949.76
1950.76
1951.76
1952.76
1953.76
1954.76
1955.76
1956.76
1957.76
1958.76
1959.76
1960.76
1961.76
1962.76
1963.76
1964.76
1965.76
1966.76
1967.76
1968.76
1969.76
1970.76
1971.76
1972.76
1973.76
1974.76
1975.76
1956.3921568627452
2014.84
2017.0
1938.462962962963
1882.5263157894738
1880.157894736842
1787.7460317460318
1900.7818181818182
1864.3333333333333
1968.5686274509803
1989.82
1950.3846153846155
1989.88
1970.7058823529412
1991.56
1992.78
1993.86
1973.3921568627452
2034.84
2014.549019607843
1996.1346153846155
1870.0169491525423
1899.3333333333333
1848.0166666666667
1888.1929824561403
1953.3396226415093
1990.7843137254902
1952.1509433962265
2010.04
2010.98
1991.686274509804
1990.921568627451
2008.18
2011.14
2012.1
2013.08
2014.06
2015.04
1995.7254901960785
1995.3921568627452
2058.42
2038.7843137254902
1977.7222222222222
1895.2542372881355
1906.5
1989.9056603773586
1883.8813559322034
1908.9122807017543
1992.5
1972.2641509433963
2030.14
2031.18
2011.1960784313726
2031.92
2032.98
2012.8431372549019
2033.46
2034.44
2014.3921568627452
2076.26
2055.6470588235293
1929.7758620689656
1989.8703703703704
1907.7796610169491
1934.5438596491229
2021.173076923077
1881.4833333333333
1971.3148148148148
2026.7254901960785
2047.68
2027.549019607843
2048.28
2049.38
2050.48
2051.58
2052.68
2053.78
2054.88
2034.3921568627452
2090.78
2051.0
1977.5714285714287
1927.677966101695
1937.1896551724137
1951.157894736842
1979.6181818181817
2052.529411764706
1975.7454545454545
2067.9
2068.78
1993.037037037037
2068.18
2069.16
2070.14
2071.12
2072.1
2073.08
2074.06
2075.04
2055.392156862745
2115.86
2095.4901960784314
1986.7719298245613
1984.157894736842
1980.5438596491229
1928.1833333333334
2039.4150943396226
1999.0727272727272
1978.875
2066.9803921568628
2066.9803921568628
2087.58
2088.56
2089.54
2070.392156862745
2128.36
2132.4
2054.1481481481483
2072.0377358490564
1967.4915254237287
1964.1864406779662
2042.0925925925926
2040.0
1985.842105263158
2068.5576923076924
2084.764705882353
2085.9607843137255
2085.843137254902
2065.9615384615386
2085.392156862745
2146.3
2105.5
2001.103448275862
1981.1525423728813
2003.9649122807018
2054.0
2017.0535714285713
2029.7272727272727
2044.0740740740741
2098.3333333333335
2119.0
2120.0
2100.843137254902
2100.764705882353
2121.48
2122.56
2123.64
2124.72
2125.8
2126.88
2127.96
2128.94
2130.0
2109.392156862745
2170.68
2132.7115384615386
2051.214285714286
1973.016393442623
2009.2758620689656
1991.2881355932204
2067.777777777778
2143.22
2084.811320754717
2122.0588235294117
2122.470588235294
2143.5
2144.46
2145.42
2146.38
2147.34
2127.372549019608
2147.98
2148.96
2149.94
2130.392156862745
2190.22
2174.1176470588234
2098.8727272727274
2044.1724137931035
2024.8813559322034
2033.6206896551723
2060.375
2108.0
2168.12
2089.1481481481483
2144.156862745098
2164.88
2144.9607843137255
2165.58
2166.56
2147.3529411764707
2167.98
2168.98
2169.98
2170.98
2171.98
2172.98
2173.98
2174.98
2175.98
2176.98
2177.98
2178.98
2179.98
2180.98
2181.98
2182.98
2183.98
2184.98
2185.98
2186.98
2187.98
2188.98
2189.98
2190.98
2191.98
2192.98
2193.98
2194.98
2195.98
2196.98
2197.98
2198.98
2199.98
2200.98
2201.98
2202.98
2203.98
2204.98
2205.98
2206.98
2207.98
2208.98
2209.98
2210.98
2211.98
2212.98
2213.98
2214.98
2215.98
2216.98
2217.98
2218.98
2219.98
2220.98
2221.98
2222.98
2223.98
2224.98
2225.98
2226.98
2227.98
2228.98
2229.98
2230.98
2231.98
2232.98
2233.98
2234.98
2235.98
2236.98
2237.98
2238.98
2239.98
2240.98
2241.98
2242.98
2243.98
2244.98
2245.98
2246.98
2247.98
2248.98
2249.98
2250.98
2251.98
2252.98
2253.98
2254.98
2255.98
2256.98
2257.98
2258.98
2259.98
2260.98
2261.98
2262.98
2263.98
2264.98
2265.98
2266.98
2267.98
2268.98
2269.98
2270.98
2271.98
2272.98
2273.98
2274.98
2275.98
2276.98
2277.98
2278.98
2279.98
2280.98
2281.98
2282.98
2283.98
2284.98
2285.98
2286.98
2287.98
2288.98
2289.98
2290.98
2291.98
2292.98
2293.98
2294.98
2295.98
2296.98
2297.98
2298.98
2299.98
2300.98
2301.98
2302.98
2303.98
2304.98
2305.98
2306.98
2307.98
2308.98
2309.98
2310.98
2311.98
2312.98
2313.98
2314.98
2315.98
2316.98
2317.98
2318.98
2319.98
2320.98
2321.98
2322.98
2323.98
2324.98
2325.98
2326.98
2327.98
2328.98
2329.98
2330.98
2331.98
2332.98
2333.98
2334.98
2335.98
2336.98
2337.98
2338.98
2339.98
2340.98
2341.98
2342.98
2343.98
2344.98
2345.98
2346.98
2347.98
2348.98
2349.98
2350.98
2351.98
2352.98
2353.98
2354.98
2355.98
2356.98
2357.98
2358.98
2359.98
2360.98
2361.98
2362.98
2363.98
2364.98
2365.98
2366.98
2367.98
2368.98
2369.98
2370.98
2371.98
2372.98
2373.98
2374.98
2375.98
2376.98
2377.98
2378.98
2379.98
2380.98
2381.98
2382.98
2383.98
2384.98
2385.98
2386.98
2387.98
2388.98
2389.98
2390.98
2391.98
2392.98
2393.98
2394.98
2395.98
2396.98
2397.98
2398.98
2399.98
2400.98
2401.98
2402.98
2403.98
2404.98
2405.98
2406.98
2407.98
2408.98
2409.98
2410.98
2411.98
2412.98
2413.98
2414.98
2415.98
2416.98
2417.98
2418.98
2419.98
2420.98
2421.96
2422.94
2423.92
2424.9
2425.9
2426.9
2427.9
2428.9
2429.9
2430.9
2431.9
2432.9
2433.9
2434.9
2435.9
2436.9
2437.9
2438.9
2439.9
2440.88
2441.86
2442.84
2443.82
2444.8
2445.78
2446.76
2447.74
2428.392156862745
2487.12
2490.16
2449.903846153846
2359.7719298245615
2238.4615384615386
2359.8214285714284
2357.5
2389.259259259259
2404.6792452830186
2421.826923076923
2461.36
2440.725490196078
2461.32
2462.3
2443.392156862745
2497.84
2501.66
2352.7413793103447
2365.5438596491226
2362.0
2393.9454545454546
2427.5849056603774
2407.9814814814813
2443.423076923077
2422.622641509434
2420.5283018867926
2478.36
2479.4
2480.44
2481.48
2482.52
2483.56
2484.6
2485.64
2486.68
2467.078431372549
2487.72
2488.7
2489.68
2470.3529411764707
2491.0
2492.0
2493.0
2494.0
2495.0
2496.0
2497.0
2498.0
2477.392156862745
2536.9
2537.4
2457.574074074074
2420.535714285714
2364.508474576271
2304.15873015873
2457.6415094339623
2476.9423076923076
2437.703703703704
2492.7450980392155
2471.9423076923076
2491.078431372549
2511.76
2491.9411764705883
2512.54
2513.52
2514.5
2515.48
2496.392156862745
2548.8
2555.24
2515.423076923077
2420.877192982456
2402.5862068965516
2416.0877192982457
2428.8571428571427
2456.759259259259
2474.2264150943397
2418.8571428571427
2564.84
2570.44
2511.4150943396226
2422.9655172413795
2450.4464285714284
2449.3928571428573
2352.1129032258063
2448.418181818182
2499.5
2519.529411764706
2519.843137254902
2540.48
2519.901960784314
2540.5
2541.48
2542.46
2543.44
2544.38
2525.392156862745
2583.0
2562.823529411765
2527.0754716981132
2473.9285714285716
2420.8474576271187
2446.5789473684213
2395.733333333333
2486.6666666666665
2540.921568627451
2521.3076923076924
2519.8653846153848
2539.3333333333335
2559.98
2560.98
2561.98
2562.98
2542.392156862745
2604.68
2584.921568627451
2558.3076923076924
2543.132075471698
2441.915254237288
2392.564516129032
2440.1724137931033
2503.8703703703704
2500.777777777778
2535.846153846154
2575.36
2576.32
2556.470588235294
2577.08
2578.06
2579.04
2559.392156862745
2617.88
2619.98
2560.377358490566
2504.8571428571427
2394.4603174603176
2511.7090909090907
2545.603773584906
2473.3333333333335
2557.596153846154
2577.3529411764707
2555.653846153846
2597.42
2576.7843137254904
2597.42
2598.36
2579.274509803922
2578.3529411764707
2598.96
2599.92
2600.88
2601.84
2602.8
2603.76
2604.72
2605.68
2606.64
2607.6
2608.52
2609.44
2590.5686274509803
2611.18
2612.16
2613.14
2614.12
2615.1
2616.08
2617.06
2618.04
2619.02
2620.0
2620.98
2621.96
2622.94
2623.92
2624.9
2625.88
2626.86
2627.84
2628.82
2629.8
2630.78
2631.76
2632.74
2633.72
2634.7
2635.68
2636.66
2637.64
2638.62
2639.6
2640.58
2641.56
2642.54
2643.52
2644.5
2645.48
2646.46
2647.44
2648.42
2649.4
2650.38
2651.36
2652.34
2653.32
2654.3
2655.28
2656.26
2657.24
2658.22
2659.2
2660.18
2661.16
2662.14
2663.12
2664.1
2665.08
2666.06
2667.04
2668.02
2659.1960784313724
2708.78
2711.66
2672.519230769231
2547.779661016949
2608.8727272727274
2573.6491228070176
2639.188679245283
2601.4363636363637
2616.9074074074074
2653.3846153846152
2576.3214285714284
2645.1923076923076
2684.72
2665.5686274509803
2665.392156862745
2665.392156862745
2727.9
2729.24
2582.9655172413795
2646.4814814814813
2588.842105263158
2570.6724137931033
2633.796296296296
2650.698113207547
2688.470588235294
2630.296296296296
2591.3571428571427
2660.2884615384614
2678.392156862745
2740.98
2740.82
2681.603773584906
2561.95
2604.2280701754385
2617.0535714285716
2668.0754716981132
2648.277777777778
2662.0754716981132
2623.109090909091
2655.811320754717
2713.74
2714.86
2694.3137254901962
2714.92
2715.88
2716.84
2677.5384615384614
2762.46
2758.98
2684.6481481481483
2580.983333333333
2590.6949152542375
2634.0
2629.1071428571427
2697.326923076923
2675.5471698113206
2692.519230769231
2711.8823529411766
2711.1372549019607
2711.7843137254904
2732.44
2733.44
2734.44
2735.44
2736.44
2696.5384615384614
2777.38
2780.48
2686.2363636363634
2650.1929824561403
2594.15
2668.5272727272727
2705.4150943396226
2663.927272727273
2697.9245283018868
2695.754716981132
2692.5471698113206
2750.3
2751.26
2752.22
2753.18
2733.7450980392155
2754.38
2755.36
2756.34
2757.32
2758.3
2759.28
2760.26
2761.24
2762.22
2763.2
2764.18
2744.470588235294
2765.1
2766.1
2767.1
2768.1
2769.1
2770.1
2771.1
2772.1
2773.1
2774.1
2775.1
2776.1
2777.1
2778.1
2779.1
2780.1
2781.1
2782.1
2783.1
2784.1
2785.1
2786.1
2787.1
2788.1
2789.1
2790.1
2791.1
2792.1
2793.1
2794.1
2795.1
2796.1
2797.1
2798.1
2799.1
2800.1
2801.1
2802.1
2782.392156862745
2840.52
2844.06
2804.403846153846
2694.6206896551726
2662.4
2671.5593220338983
2731.490909090909
2784.3846153846152
2783.769230769231
2763.132075471698
2760.3207547169814
2796.9607843137255
2797.3137254901962
2817.92
2778.5384615384614
2858.32
2859.36
2777.425925925926
2757.8545454545456
2688.423728813559
2785.4528301886794
2732.375
2764.296296296296
2779.7924528301887
2778.433962264151
2776.264150943396
2813.8823529411766
2814.5098039215686
2815.3137254901962
2835.98
2836.96
2816.372549019608
2837.0
2837.98
2818.156862745098
2838.78
2839.78
2840.78
2841.78
2842.78
2843.78
2844.78
2845.78
2846.78
2847.78
2848.78
2849.78
2850.78
2851.78
2852.78
2853.78
2854.78
2855.78
2836.392156862745
2893.56
2874.8627450980393
2798.909090909091
2761.1403508771928
2789.072727272727
2774.410714285714
2787.6545454545453
2803.537037037037
2800.0555555555557
2815.867924528302
2831.826923076923
2871.58
2831.75
2831.5384615384614
2906.02
2912.34
2848.3584905660377
2832.5
2731.8333333333335
2755.8275862068967
2765.719298245614
2794.090909090909
2866.5882352941176
2846.5576923076924
2886.5
2866.4313725490197
2866.8823529411766
2867.156862745098
2887.94
2889.06
2869.2156862745096
2889.9
2890.94
2891.98
2892.98
2893.98
2894.98
2875.392156862745
2896.06
2897.1
2898.14
2899.18
2900.22
2901.26
2902.3
2903.34
2904.38
2905.42
2885.392156862745
2943.16
2946.24
2851.0
2850.2363636363634
2798.344827586207
2880.8867924528304
2824.464285714286
2786.0172413793102
2847.425925925926
2902.764705882353
2903.372549019608
2863.9811320754716
2901.470588235294
2901.607843137255
2901.3529411764707
2921.94
2922.9
2903.823529411765
2924.42
2925.4
2926.38
2927.36
2928.34
2909.392156862745
2972.22
2972.74
2934.980769230769
2915.3207547169814
2793.5333333333333
2819.5862068965516
2782.7833333333333
2874.6111111111113
2911.0576923076924
2931.3529411764707
2952.56
2953.84
2954.94
2913.480769230769
2891.7169811320755
2928.7450980392155
2927.901960784314
2948.5
2949.46
2950.42
2951.38
2952.34
2953.3
2954.26
2955.22
2956.18
2937.3333333333335
2957.94
2938.392156862745
2999.4
2979.4901960784314
2940.811320754717
2837.762711864407
2833.423728813559
2810.7
2884.909090909091
2937.653846153846
2956.8627450980393
2916.0943396226417
2954.0
2953.8823529411766
2954.4313725490197
2953.7450980392155
2974.34
2975.3
2976.26
2977.22
2978.18
2979.14
2980.1
2960.6862745098038
2981.28
2982.26
2963.392156862745
3022.16
3024.9
2926.7454545454543
2911.1785714285716
2874.8275862068967
2869.844827586207
2950.735849056604
2949.301886792453
2910.3454545454547
2925.8333333333335
2980.764705882353
2961.0
2958.769230769231
2977.392156862745
3036.1
3040.5
2979.2264150943397
2870.7118644067796
2884.1206896551726
2964.9811320754716
2947.8518518518517
2846.3166666666666
2955.0
2992.8823529411766
3013.76
2993.2549019607845
2972.346153846154
3011.82
3012.8
3013.78
3014.76
3015.74
3016.72
3017.7
3018.68
3019.66
3000.392156862745
3058.6
3060.4
2999.603773584906
2852.3870967741937
2891.135593220339
2951.5636363636363
2899.0
2979.1509433962265
2996.826923076923
2995.7115384615386
3035.5
2996.673076923077
3016.294117647059
3037.18
3038.34
3039.34
3018.705882352941
3039.34
3040.34
3041.34
3042.34
3043.34
3044.34
3045.34
3046.34
3047.34
3048.78
3028.392156862745
3086.02
3044.980769230769
3006.1296296296296
2955.3508771929824
2935.3275862068967
2817.5454545454545
3002.3396226415093
3002.9245283018868
3019.6153846153848
3059.2
3060.28
3061.36
3062.44
3063.52
3064.6
3065.68
3066.7
3067.7
3068.7
3069.7
3070.7
3071.7
3072.7
3073.7
3053.392156862745
3116.1
3119.2
3033.240740740741
2952.8474576271187
2949.0508474576272
3045.0377358490564
2924.733333333333
3034.0943396226417
3051.096153846154
3049.8076923076924
3048.6923076923076
3088.3
3089.32
3090.34
3091.36
3071.274509803922
3091.96
3093.0
3094.04
3095.08
3096.12
3097.16
3098.2
3099.24
3100.28
3101.32
3102.36
3103.4
3104.44
3105.48
3085.294117647059
3105.92
3106.92
3107.92
3108.92
3109.92
3110.92
3111.92
3112.92
3113.92
3114.92
3115.92
3116.92
3117.92
3118.92
3119.92
3120.92
3121.92
3122.92
3123.92
3124.92
3125.92
3126.92
3127.92
3128.92
3129.92
3130.92
3131.92
3132.92
3133.92
3134.92
3135.92
3136.92
3137.92
3138.92
3139.92
3140.92
3141.92
3142.92
3143.92
3144.92
3145.92
3146.92
3147.92
3148.92
3149.92
3150.92
3151.92
3152.92
3153.92
3154.92
3155.92
3156.92
3157.92
3158.92
3159.92
3160.92
3161.92
3162.92
3163.92
3164.92
3165.92
3166.92
3167.92
3168.92
3169.92
3170.92
3171.92
3172.92
3173.92
3174.92
3175.92
3176.92
3177.92
3178.92
3179.92
3180.84
3181.84
3182.84
3183.84
3184.84
3185.84
3186.84
3187.84
3188.84
3189.84
3190.84
3191.84
3192.84
3193.84
3194.84
3195.84
3196.84
3197.84
3198.84
3199.84
3200.84
3201.84
3202.84
3203.84
3204.84
3185.392156862745
3242.4
3247.9
3148.981818181818
3100.2758620689656
3144.690909090909
3088.4655172413795
3117.2321428571427
3148.3518518518517
3224.24
3146.3703703703704
3221.9
3181.846153846154
3181.4615384615386
3221.0
3222.0
3223.0
3224.0
3203.392156862745
3250.06
3260.26
3200.0188679245284
3130.0526315789475
3053.435483870968
3154.4545454545455
3099.948275862069
3162.574074074074
3197.5384615384614
3196.903846153846
3236.44
3237.42
3217.098039215686
3217.392156862745
3276.18
3256.0392156862745
3219.830188679245
3182.7636363636366
3163.660714285714
3092.85
3118.862068965517
3162.018181818182
3194.264150943396
3211.173076923077
3250.66
3251.58
3232.156862745098
3252.74
3233.4901960784314
3254.08
3255.42
3256.76
3236.764705882353
3257.36
3258.34
3239.392156862745
3299.28
3301.48
3154.810344827586
3201.7454545454543
3116.4666666666667
3177.285714285714
3207.203703703704
3205.0
3183.7090909090907
3256.3137254901962
3236.076923076923
3254.4117647058824
3275.18
3276.24
3277.26
3278.28
3257.9411764705883
3258.3333333333335
3279.0
3280.04
3281.08
3282.12
3283.16
3284.2
3285.24
3286.28
3287.32
3288.36
3268.392156862745
3327.02
3309.0196078431372
3251.240740740741
3122.1451612903224
3208.4285714285716
3126.344262295082
3211.672727272727
3245.9811320754716
3206.8
3278.392156862745
3337.88
3341.0
3264.240740740741
3179.6101694915255
3224.785714285714
3257.0185185185187
3169.728813559322
3264.8490566037735
3244.5925925925926
3223.0
3253.5849056603774
3291.0588235294117
3311.72
3312.76
3313.8
3314.84
3315.88
3316.92
3317.96
3319.0
3320.04
3321.08
3322.12
3323.16
3324.2
3325.24
3326.28
3327.32
3307.392156862745
3368.66
3366.14
3273.0
3249.6785714285716
3130.09375
3207.844827586207
3217.1403508771928
3321.5686274509803
3264.8333333333335
3340.32
3341.5
3322.0196078431372
3342.66
3343.64
3323.0
3343.6
3344.58
3345.56
3326.392156862745
3383.54
3322.6415094339623
3318.433962264151
3286.4
3233.7413793103447
3157.6349206349205
3326.5
3322.0576923076924
3364.14
3325.3076923076924
3344.294117647059
3323.8846153846152
3323.0576923076924
3341.0196078431372
3361.62
3362.6
3363.58
3364.56
3345.392156862745
3408.88
3371.1153846153848
3409.32
3278.8596491228072
3224.0
3302.3636363636365
3281.625
3294.8545454545456
3291.8545454545456
3363.607843137255
3362.9607843137255
3342.4615384615386
3382.02
3382.96
3383.9
3363.4313725490197
3363.0
3383.6
3384.58
3365.392156862745
3424.02
3426.06
3312.5714285714284
3259.135593220339
3272.9137931034484
3268.4310344827586
3349.3207547169814
3291.9285714285716
3323.685185185185
3378.764705882353
3399.36
3400.28
3401.2
3382.0392156862745
3381.7843137254904
3402.4
3403.38
3404.36
3405.34
3406.32
3407.3
3408.28
3409.26
3410.24
3411.22
3412.2
3413.18
3414.16
3415.14
3416.12
3417.1
3418.08
3419.06
3420.04
3421.02
3422.0
3422.98
3423.96
3424.94
3425.92
3426.9
3427.88
3428.86
3429.84
3430.82
3431.8
3432.78
3433.76
3434.74
3435.72
3436.7
3437.68
3438.66
3439.64
3440.62
3441.6
3442.58
3443.56
3444.54
3445.52
3446.5
3447.48
3448.46
3449.44
3450.42
3451.4
3452.38
3453.36
3454.34
3455.32
3456.3
3457.28
3458.26
3459.24
3460.22
3461.2
3462.18
3463.16
3464.14
3465.12
3466.1
3467.08
3468.06
3469.04
3470.02
3461.1960784313724
3504.96
3512.84
3435.203703703704
3452.8867924528304
3394.285714285714
3374.7719298245615
3324.6666666666665
3396.3818181818183
3411.740740740741
3427.5849056603774
3425.9811320754716
3483.6
3484.58
3485.56
3486.54
3487.52
3488.5
3489.48
3490.46
3491.44
3492.42
3493.4
3494.38
3475.392156862745
3529.36
3533.24
3433.890909090909
3455.222222222222
3387.7586206896553
3412.4285714285716
3428.418181818182
3375.155172413793
3417.072727272727
3488.6470588235293
3488.823529411765
3488.901960784314
3509.54
3510.54
3511.54
3512.54
3513.54
3514.54
3515.54
3516.54
3517.54
3518.54
3519.54
3520.54
3521.54
3522.54
3523.54
3524.54
3525.54
3526.54
3527.54
3528.54
3529.54
3530.54
3531.54
3532.54
3533.54
3534.54
3535.54
3536.54
3537.54
3538.54
3539.54
3540.54
3541.54
3542.54
3543.54
3544.54
3545.54
3546.54
3547.54
3548.54
3549.54
3550.54
3551.54
3552.54
3553.54
3554.54
3555.54
3556.54
3557.54
3558.54
3559.54
3560.54
3561.54
3562.54
3563.54
3564.54
3565.54
3566.54
3567.54
3568.54
3569.54
3570.54
3571.54
3572.54
3573.54
3574.54
3575.54
3576.54
3577.54
3578.54
3579.54
3580.54
3581.54
3582.54
3583.54
3584.54
3585.54
3586.54
3587.54
3588.54
3589.54
3590.54
3591.54
3592.54
3593.54
3594.54
3595.54
3596.54
3597.54
3598.54
3599.54
3600.54
3601.54
3602.54
3603.54
3604.54
3605.54
3606.54
3607.54
3608.54
3609.54
3610.54
3611.54
3612.54
3613.54
3614.54
3615.54
3616.54
3617.54
3618.54
3619.54
3620.54
3621.54
3622.54
3623.54
3624.54
3625.54
3626.54
3627.54
3628.54
3629.54
3630.54
3631.54
3632.54
3633.54
3634.54
3635.54
3636.54
3637.54
3638.54
3639.54
3640.54
3641.54
3642.54
3643.54
3644.54
3645.54
3646.54
3647.54
3648.54
3649.54
3650.54
3651.54
3652.54
3653.54
3654.54
3655.54
3656.54
3657.54
3658.54
3659.54
3660.54
3661.54
3662.54
3663.54
3664.54
3665.54
3666.54
3667.54
3668.54
3669.54
3670.54
3671.54
3672.54
3673.54
3674.54
3675.54
3676.54
3677.54
3678.54
3679.54
3680.54
3681.54
3682.54
3683.54
3684.54
3685.54
3686.54
3687.54
3688.54
3689.54
3690.54
3691.54
3692.54
3693.54
3694.54
3695.54
3696.54
3697.54
3698.54
3699.54
3700.54
3701.54
3702.54
3703.54
3704.54
3705.54
3706.54
3707.54
3708.54
3709.54
3710.54
3711.54
3712.54
3713.54
3714.54
3715.54
3716.54
3717.54
3718.54
3719.54
3720.54
3721.54
3722.54
3723.54
3724.48
3725.48
3726.48
3727.48
3728.48
3729.48
3730.48
3731.48
3732.48
3733.48
3734.48
3735.48
3736.48
3737.48
3738.48
3739.48
3740.48
3741.48
3742.48
3743.48
3744.48
3745.48
3746.48
3747.48
3748.48
3749.48
3750.48
3751.48
3752.48
3753.48
3754.48
3755.48
3756.48
3757.48
3758.48
3759.48
3760.48
3761.48
3762.48
3763.48
3764.48
3765.48
3766.48
3767.48
3768.48
3769.48
3770.48
3771.48
3772.48
3773.48
3774.48
3775.48
3776.48
3777.48
3778.48
3779.48
3780.48
3781.48
3782.48
3783.48
3784.48
3785.48
3786.48
3787.48
3788.48
3789.48
3790.48
3791.48
3792.48
3793.48
3794.48
3795.48
3796.48
3797.48
3798.48
3799.48
3800.48
3801.48
3802.48
3803.48
3804.48
3805.48
3806.48
3807.48
3808.48
3809.48
3810.48
3811.48
3812.48
3813.48
3814.48
3815.48
3816.48
3817.48
3818.48
3819.48
3820.48
3821.48
3822.48
3823.48
3824.48
3825.48
3826.48
3827.48
3828.48
3829.48
3830.48
3831.48
3832.48
3833.48
3834.48
3835.48
3836.48
3837.48
3838.48
3839.48
3840.48
3841.48
3842.48
3843.48
3844.48
3845.48
3846.48
3847.48
3848.48
3849.48
3850.48
3851.48
3852.48
3853.48
3854.48
3855.48
3856.48
3857.48
3858.48
3859.48
3860.48
3861.48
3862.48
3863.48
3864.48
3865.48
3866.48
3867.48
3868.48
3869.48
3870.48
3871.48
3872.48
3873.48
3874.48
3875.48
3876.48
3877.48
3878.48
3879.48
3880.48
3881.48
3882.48
3883.48
3884.48
3885.48
3886.48
3887.48
3888.48
3889.48
3890.48
3891.48
3892.48
3893.48
3894.48
3895.48
3896.48
3897.48
3898.48
3899.48
3900.48
3901.48
3902.48
3903.48
3904.48
3905.48
3906.48
3907.48
3908.48
3909.48
3910.48
3911.48
3912.48
3913.48
3914.48
3915.48
3916.48
3917.48
3918.48
3919.48
3920.48
3921.48
3922.48
3923.48
3924.48
3925.48
3926.48
3927.48
3928.48
3929.48
3930.48
3931.48
3932.48
3933.48
3934.48
3935.48
3936.48
3937.48
3938.48
3939.48
3940.48
3941.48
3942.48
3943.48
3944.48
3945.48
3946.48
3947.48
3948.48
3949.48
3950.48
3951.48
3952.48
3953.48
3954.48
3955.48
3956.48
3957.48
3958.48
3959.48
3960.48
3961.48
3962.48
3963.48
3964.48
3965.48
3966.48
3967.48
3968.48
3969.48
3970.48
3971.48
3972.48
3973.48
3974.48
3975.48
3976.48
3977.48
3978.48
3979.48
3980.48
3981.48
3982.48
3983.48
3984.48
3985.48
3986.48
3987.48
3988.48
3989.48
3990.48
3991.48
3992.48
3993.48
3994.48
3995.48
3996.48
4033.86
4038.1
3978.2075471698113
3903.9298245614036
3838.7704918032787
3832.8360655737706
3955.830188679245
3936.185185185185
3952.3584905660377
4010.22
3969.673076923077
3988.901960784314
4009.58
4010.62
4011.66
4012.64
3993.3137254901962
4013.98
3994.392156862745
4054.04
4055.24
3999.245283018868
3927.719298245614
3876.55
3934.5
3983.830188679245
3929.410714285714
3979.2264150943397
3976.6792452830186
4035.08
3993.9615384615386
3953.574074074074
4028.68
4029.66
4010.392156862745
4068.4
4072.7
4034.3653846153848
3962.589285714286
3997.0
3995.0555555555557
3874.7704918032787
3947.5178571428573
3925.0175438596493
3970.5
4024.7450980392155
4005.1153846153848
4044.78
4045.88
4025.392156862745
4083.5
4079.6
3953.5087719298244
4019.0
3948.2982456140353
3930.603448275862
4072.98
4053.843137254902
3960.1071428571427
3990.0
4065.86
4046.176470588235
4026.25
4045.078431372549
4044.4117647058824
4043.4901960784314
4044.0
4064.6
4065.56
4066.52
4047.5098039215686
4068.12
4069.1
4070.08
4050.392156862745
4108.66
4112.18
4016.909090909091
3980.6491228070176
3916.1639344262294
3951.9655172413795
4017.259259259259
3995.4545454545455
4048.019230769231
4007.4814814814813
4082.6
4083.52
4064.5098039215686
4085.12
4086.1
4087.08
4088.06
4089.04
4090.02
4091.0
4091.98
4092.96
4093.94
4094.92
4095.9
4096.88
4077.392156862745
4134.92
4116.568627450981
4059.796296296296
4006.877192982456
3951.883333333333
3979.4310344827586
4042.222222222222
4059.943396226415
4118.9
4079.346153846154
4038.537037037037
4114.14
4093.8039215686276
4092.901960784314
4113.52
4094.098039215686
4094.392156862745
4155.96
4115.961538461538
4095.622641509434
4020.7368421052633
4036.3214285714284
4018.280701754386
4014.122807017544
4043.581818181818
4096.923076923077
4095.019230769231
4002.6666666666665
4126.52
4127.5
4128.48
4129.46
4130.44
4131.42
4132.4
4133.38
4134.36
4135.34
4136.32
4137.3
4138.28
4139.26
4140.24
4141.22
4142.2
4143.18
4144.16
4145.14
4146.12
4147.1
4148.08
4149.06
4150.04
4151.02
4142.196078431372
4193.98
4196.32
4175.78431372549
4050.5
4081.25
4042.948275862069
4036.7413793103447
4064.8214285714284
4114.169811320755
4131.4807692307695
4093.0925925925926
4147.411764705882
4147.019607843137
4147.392156862745
4168.08
4169.14
4170.2
4171.26
4172.32
4173.24
4153.392156862745
4216.3
4219.08
4103.857142857143
4157.88679245283
4101.785714285715
4096.946428571428
4092.4285714285716
4053.603448275862
4081.9821428571427
4151.192307692308
4150.538461538462
4148.326923076923
4166.823529411765
4187.42
4188.4
4189.38
4170.392156862745
4232.54
4233.52
4072.101694915254
4154.537037037037
4099.087719298245
4095.40350877193
4074.155172413793
4136.0
4212.0
4172.403846153846
4171.307692307692
4149.622641509434
4207.38
4208.28
4209.18
4188.745098039216
4189.411764705882
4210.02
4210.98
4211.94
4212.9
4213.86
4214.82
4215.78
4216.74
4217.7
4218.58
4219.54
4220.5
4221.46
4222.42
4223.38
4224.34
4225.3
4226.26
4197.153846153846
4264.38
4249.686274509804
4191.12962962963
4073.8360655737706
4068.7704918032787
4157.236363636363
4172.666666666667
4168.537037037037
4222.980392156863
4222.549019607844
4223.3725490196075
4201.846153846154
4221.156862745098
4241.76
4242.72
4243.68
4244.64
4245.6
4226.098039215686
4246.7
4248.06
4249.42
4229.862745098039
4250.48
4251.48
4252.48
4253.48
4254.48
4255.48
4256.48
4257.48
4258.48
4259.48
4260.48
4261.48
4262.48
4263.48
4264.48
4265.48
4266.48
4267.48
4268.48
4269.48
4270.48
4271.48
4272.48
4273.48
4274.48
4275.48
4276.48
4277.48
4278.48
4279.48
4280.48
4281.48
4282.48
4283.48
4284.48
4285.48
4286.48
4287.48
4288.48
4289.48
4290.48
4291.48
4292.48
4293.48
4294.48
4295.48
4296.42
4277.392156862745
4336.8
4314.882352941177
4277.33962264151
4204.561403508772
4140.426229508197
4149.716666666666
4172.862068965517
4292.21568627451
4234.277777777777
4309.48
4310.42
4290.254901960784
4310.86
4311.84
4312.82
4313.8
4294.392156862745
4355.52
4357.44
4298.358490566037
4227.964912280701
4177.816666666667
4155.5901639344265
4134.048387096775
4330.28
4271.452830188679
4308.333333333333
4329.0
4329.98
4309.666666666667
4330.3
4331.28
4310.78431372549
4331.38
4332.36
4333.34
4334.32
4335.3
4336.28
4337.26
4338.24
4339.22
4340.2
4341.18
4342.16
4323.392156862745
4386.12
4387.54
4325.943396226415
4274.589285714285
4222.9152542372885
4280.145454545454
4317.226415094339
4278.036363636364
4273.8
4346.3725490196075
4288.907407407408
4343.509803921569
4364.76
4366.24
4342.176470588235
4343.6274509803925
4343.392156862745
4364.04
4365.02
4366.0
4366.98
4367.96
4347.6274509803925
4368.22
4369.18
4370.14
4350.392156862745
4411.58
4412.68
4332.5
4233.216666666666
4238.5084745762715
4285.357142857143
4264.631578947368
4327.622641509434
4327.735849056604
4344.903846153846
4384.48
4385.46
4364.980392156863
4385.6
4386.58
4387.56
4388.54
4389.52
4390.5
4391.48
4392.46
4393.44
4394.42
4395.4
4396.38
4397.36
4398.34
4399.32
4400.3
4401.28
4402.26
4403.24
4404.22
4384.392156862745
4441.42
4402.057692307692
4296.362068965517
4293.3448275862065
4216.523809523809
4367.698113207547
4295.701754385965
4380.076923076923
4359.66037735849
4417.4
4418.34
4398.078431372549
4378.538461538462
4458.06
4458.74
4395.735849056604
4310.9655172413795
4291.3050847457625
4335.660714285715
4367.425925925926
4347.0
4340.836363636364
4375.0
4353.925925925926
4465.94
4449.529411764706
4409.830188679245
4321.413793103448
4244.238095238095
4325.526315789473
4373.037037037037
4370.351851851852
4406.5
4404.846153846154
4423.490196078431
4444.72
4425.019607843137
4424.6274509803925
4404.538461538462
4476.16
4439.192307692308
4365.0
4438.0
4348.2807017543855
4312.186440677966
4356.732142857143
4387.148148148148
4422.673076923077
4382.981481481482
4437.0392156862745
4457.68
4458.66
4459.74
4460.82
4440.490196078431
4461.1
4462.08
4463.06
4464.04
4465.02
4466.0
4466.98
4467.94
4448.392156862745
4510.28
4490.862745098039
4468.884615384615
4433.277777777777
4431.462962962963
4379.438596491228
4339.389830508475
4334.813559322034
4412.759259259259
4468.196078431372
4468.274509803921
4446.7307692307695
4464.882352941177
4485.62
4486.68
4466.862745098039
4487.56
4488.56
4469.117647058823
4489.76
4490.76
4491.76
4492.76
4472.392156862745
4533.2
4509.882352941177
4454.425925925926
4420.571428571428
4325.096774193548
4427.381818181818
4390.228070175439
4456.867924528302
4495.509803921569
4455.037735849057
4432.833333333333
4508.2
4509.18
4488.607843137255
4509.24
4510.22
4489.823529411765
4510.42
4511.4
4512.38
4513.36
4514.34
4515.32
4516.3
4517.28
4518.26
4519.24
4520.22
4521.2
4522.18
4523.16
4524.14
4525.12
4526.1
4527.08
4528.06
4529.04
4530.02
4521.196078431372
4572.1
4555.450980392156
4462.089285714285
4494.648148148148
4440.754385964912
4436.315789473684
4449.5
4498.452830188679
4443.517857142857
4512.2692307692305
4552.18
4531.745098039216
4491.547169811321
4528.274509803921
4527.313725490196
4547.88
4528.392156862745
4590.16
4587.74
4532.169811320755
4491.963636363636
4511.648148148148
4475.821428571428
4436.724137931034
4500.759259259259
4428.913793103448
4528.615384615385
4527.596153846154
4546.156862745098
4546.058823529412
4566.68
4546.549019607844
4567.16
4547.137254901961
4567.76
4568.74
4569.72
4570.7
4571.68
4572.66
4573.64
4574.62
4575.6
4576.58
4577.56
4557.392156862745
4610.88
4619.68
4540.611111111111
4578.384615384615
4411.709677419355
4515.563636363637
4530.944444444444
4546.132075471698
4564.403846153846
4563.5
4562.057692307692
4560.673076923077
4580.137254901961
4559.576923076923
4578.137254901961
4579.019607843137
4578.3725490196075
4578.333333333333
4578.0392156862745
4598.74
4599.8
4600.86
4601.86
4602.86
4603.86
4604.86
4605.86
4606.86
4607.86
4608.86
4609.86
4610.86
4611.86
4591.392156862745
4647.18
4652.0
4586.433962264151
4536.553571428572
4552.945454545455
4454.081967213115
4493.172413793103
4570.66037735849
4588.326923076923
4606.509803921569
4567.773584905661
4625.46
4586.134615384615
4605.392156862745
4663.02
4666.22
4624.0192307692305
4534.701754385965
4428.921875
4523.9473684210525
4588.792452830188
4486.033898305085
4619.921568627451
4619.882352941177
4640.94
4601.153846153846
4619.549019607844
4640.14
4620.392156862745
4682.52
4662.745098039216
4583.727272727273
4518.474576271186
4547.508771929824
4510.64406779661
4606.943396226415
4550.446428571428
4600.0
4615.903846153846
4633.882352941177
4633.764705882353
4654.36
4655.32
4616.538461538462
4695.52
4654.307692307692
4533.457627118644
4499.9672131147545
4588.127272727273
4554.140350877193
4620.7169811320755
4637.7692307692305
4579.090909090909
4671.52
4651.803921568628
4651.823529411765
4651.21568627451
4650.549019607844
4671.16
4651.392156862745
4712.22
4712.76
4631.814814814815
4547.983050847458
4560.120689655172
4552.568965517241
4617.7037037037035
4581.196428571428
4631.037735849057
4668.0392156862745
4668.529411764706
4667.686274509804
4688.36
4689.34
4690.32
4691.3
4692.28
4671.921568627451
4692.56
4693.54
4694.52
4695.5
4696.48
4697.46
4698.88
4700.3
4701.28
4702.26
4703.24
4704.22
4705.46
4706.44
4707.42
4708.4
4688.333333333333
4708.98
4709.98
4710.98
4690.392156862745
4747.88
4754.44
4676.111111111111
4590.4915254237285
4632.535714285715
4537.129032258064
4653.537037037037
4667.566037735849
4706.235294117647
4727.2
4728.04
4687.557692307692
4686.865384615385
4704.901960784314
4725.5
4726.48
4727.46
4728.44
4729.42
4730.4
4731.38
4732.36
4733.34
4734.32
4735.3
4736.28
4737.26
4738.24
4739.22
4740.2
4741.18
4742.16
4743.14
4744.12
4745.1
4746.08
4747.06
4748.04
4749.02
4740.196078431372
4791.88
4794.98
4752.096153846154
4630.169491525424
4643.5344827586205
4639.379310344828
4630.327586206897
4711.566037735849
4672.945454545455
4765.62
4670.090909090909
4799.84
4800.26
4672.666666666667
4607.2786885245905
4717.222222222223
4680.25
4707.333333333333
4667.642857142857
4737.192307692308
4776.88
4756.254901960784
4776.94
4756.607843137255
4777.26
4778.26
4779.2
4780.14
4760.9607843137255
4761.588235294118
4782.2
4783.24
4784.28
4785.32
4765.392156862745
4823.68
4805.568627450981
4767.075471698113
4695.754385964912
4645.516666666666
4623.868852459016
4690.964285714285
4780.588235294118
4741.924528301887
4800.02
4722.944444444444
4798.04
4798.98
4760.538461538462
4842.08
4843.14
4804.076923076923
4712.929824561404
4693.551724137931
4672.745762711865
4715.607142857143
4766.018867924528
4783.076923076923
4764.377358490566
4822.64
4781.673076923077
4762.075471698113
4778.384615384615
4817.98
4797.490196078431
4818.48
4819.46
4820.44
4821.5
4822.56
4823.54
4804.254901960784
4803.392156862745
4862.12
4865.66
4753.5
4770.454545454545
4768.490909090909
4731.80701754386
4725.649122807017
4736.357142857143
4746.2
4795.557692307692
4796.4807692307695
4815.941176470588
4836.54
4837.52
4838.5
4839.48
4840.46
4841.44
4842.42
4843.4
4844.38
4825.392156862745
4887.32
4890.06
4787.836363636364
4807.814814814815
4706.933333333333
4801.648148148148
4799.592592592592
4854.725490196079
4778.8
4830.788461538462
4810.792452830188
4847.803921568628
4807.377358490566
4845.098039215686
4824.326923076923
4863.96
4864.92
4844.490196078431
4865.08
4866.04
4867.0
4868.06
4869.12
4870.08
4871.04
4872.0
4853.156862745098
4873.76
4874.84
4875.92
4877.0
4878.08
4858.392156862745
4919.12
4920.0
4896.274509803921
4726.196721311476
4682.328125
4773.228070175439
4803.672727272728
4798.836363636364
4871.509803921569
4872.117647058823
4892.86
4872.235294117647
4892.88
4893.88
4894.88
4874.392156862745
4932.48
4934.3
4837.490909090909
4805.649122807017
4752.433333333333
4811.142857142857
4790.6140350877195
4819.127272727273
4852.396226415094
4889.529411764706
4910.28
4911.32
4890.745098039216
4890.058823529412
4890.705882352941
4911.42
4912.5
4913.58
4914.66
4915.74
4916.76
4917.76
4897.392156862745
4959.66
4959.94
4864.290909090909
4725.703125
4820.8421052631575
4813.666666666667
4920.823529411765
4862.240740740741
4937.9
4842.890909090909
4894.192307692308
4912.509803921569
4933.12
4934.06
4935.3
4914.823529411765
4915.294117647059
4935.9
4936.88
4937.86
4938.8
4919.392156862745
4981.12
4981.7
4869.839285714285
4835.672413793103
4849.19298245614
4878.290909090909
4807.237288135593
4866.672727272728
4900.981132075472
4937.843137254902
4937.509803921569
4958.18
4937.745098039216
4958.42
4959.38
4960.34
4939.764705882353
4960.4
4961.36
4962.36
4963.36
4964.26
4924.134615384615
4963.6
4964.58
4965.56
4966.54
4967.52
4968.5
4969.48
4950.392156862745
5008.4
5010.9
4988.803921568628
4818.11475409836
4843.237288135593
4835.35593220339
4862.929824561404
4909.111111111111
4943.057692307692
4962.058823529412
4982.66
4963.568627450981
4984.18
4985.16
4986.14
4987.12
4988.1
4968.392156862745
5024.3
5007.176470588235
4913.285714285715
4911.785714285715
4891.6140350877195
4850.762711864407
4914.054545454545
4986.725490196079
4928.666666666667
4963.903846153846
4926.740740740741
4980.392156862745
